-- phpMyAdmin SQL Dump
-- version 4.5.1
-- http://www.phpmyadmin.net
--
-- Host: 127.0.0.1
-- Generation Time: Nov 16, 2019 at 02:47 PM
-- Server version: 10.1.19-MariaDB
-- PHP Version: 7.0.13

SET SQL_MODE = "NO_AUTO_VALUE_ON_ZERO";
SET time_zone = "+00:00";


/*!40101 SET @OLD_CHARACTER_SET_CLIENT=@@CHARACTER_SET_CLIENT */;
/*!40101 SET @OLD_CHARACTER_SET_RESULTS=@@CHARACTER_SET_RESULTS */;
/*!40101 SET @OLD_COLLATION_CONNECTION=@@COLLATION_CONNECTION */;
/*!40101 SET NAMES utf8mb4 */;

--
-- Database: `coffeshop`
--

-- --------------------------------------------------------

--
-- Table structure for table `cashier`
--

CREATE TABLE `cashier` (
  `id_cashier` int(11) NOT NULL,
  `name_cashier` varchar(50) NOT NULL
) ENGINE=InnoDB DEFAULT CHARSET=latin1;

--
-- Dumping data for table `cashier`
--

INSERT INTO `cashier` (`id_cashier`, `name_cashier`) VALUES
(1, 'Pevita Pearce'),
(2, 'Raisa Andriana'),
(3, 'Refi Ahmad Fauzi');

-- --------------------------------------------------------

--
-- Table structure for table `category`
--

CREATE TABLE `category` (
  `id_category` int(11) NOT NULL,
  `name_category` varchar(50) NOT NULL
) ENGINE=InnoDB DEFAULT CHARSET=latin1;

--
-- Dumping data for table `category`
--

INSERT INTO `category` (`id_category`, `name_category`) VALUES
(1, 'Food'),
(2, 'Drink');

-- --------------------------------------------------------

--
-- Table structure for table `product`
--

CREATE TABLE `product` (
  `id` int(11) NOT NULL,
  `name_product` varchar(50) NOT NULL,
  `price` varchar(13) NOT NULL,
  `id_category` int(11) NOT NULL,
  `id_cashier` int(11) NOT NULL
) ENGINE=InnoDB DEFAULT CHARSET=latin1;

--
-- Dumping data for table `product`
--

INSERT INTO `product` (`id`, `name_product`, `price`, `id_category`, `id_cashier`) VALUES
(1, 'Latte', '10000', 2, 1),
(2, 'Cake', '20000', 1, 2),
(19, 'Brownis', '15000', 1, 3),
(20, 'Fried Rice', '12000', 1, 1),
(21, 'Susu', '5000', 2, 2);

--
-- Indexes for dumped tables
--

--
-- Indexes for table `cashier`
--
ALTER TABLE `cashier`
  ADD PRIMARY KEY (`id_cashier`);

--
-- Indexes for table `category`
--
ALTER TABLE `category`
  ADD PRIMARY KEY (`id_category`);

--
-- Indexes for table `product`
--
ALTER TABLE `product`
  ADD PRIMARY KEY (`id`);

--
-- AUTO_INCREMENT for dumped tables
--

--
-- AUTO_INCREMENT for table `cashier`
--
ALTER TABLE `cashier`
  MODIFY `id_cashier` int(11) NOT NULL AUTO_INCREMENT, AUTO_INCREMENT=6;
--
-- AUTO_INCREMENT for table `category`
--
ALTER TABLE `category`
  MODIFY `id_category` int(11) NOT NULL AUTO_INCREMENT, AUTO_INCREMENT=4;
--
-- AUTO_INCREMENT for table `product`
--
ALTER TABLE `product`
  MODIFY `id` int(11) NOT NULL AUTO_INCREMENT, AUTO_INCREMENT=26;
/*!40101 SET CHARACTER_SET_CLIENT=@OLD_CHARACTER_SET_CLIENT */;
/*!40101 SET CHARACTER_SET_RESULTS=@OLD_CHARACTER_SET_RESULTS */;
/*!40101 SET COLLATION_CONNECTION=@OLD_COLLATION_CONNECTION */;
